time,ano,resultado,data,hora,casa/fora,placar
sao-paulo,2000,Copa Mercosul 2000,1F,6,2,13-13
sao-paulo,2000,Copa João Havelange 2000,1/8,26,10,48-38
sao-paulo,2000,Copa do Brasil 2000,F,12,8,28-13
sao-paulo,2000,Copa dos Campeões Regionais 2000,SF,4,2,5-4
sao-paulo,2000,Campeonato Paulista  2000,Campeão,20,14,45-22
sao-paulo,2000,Torneio Rio-São Paulo 2000,SF,8,4,14-17
sao-paulo,2000,,,76,40,153-107
sao-paulo,2000,1 2,,,,
sao-paulo,2000,1 2,,,,
sao-paulo,2001,Copa Mercosul 2001,1F,6,1,7-6
sao-paulo,2001,Campeonato Brasileiro 2001,QF,28,13,49-36
sao-paulo,2001,Copa do Brasil 2001,QF,7,5,24-8
sao-paulo,2001,Copa dos Campeões Regionais 2001,F,6,5,21-10
sao-paulo,2001,Campeonato Paulista  2001,1F,15,6,32-26
sao-paulo,2001,Torneio Rio-São Paulo 2001,Campeão,8,5,15-10
sao-paulo,2001,,,70,35,148-96
sao-paulo,2001,1 2,,,,
sao-paulo,2001,1 2,,,,
sao-paulo,2002,Campeonato Brasileiro Série A 2002,QF,27,16,59-40
sao-paulo,2002,Copa do Brasil 2002,SF,9,5,22-10
sao-paulo,2002,Copa dos Campeões Regionais 2002,1F,3,1,3-3
sao-paulo,2002,Supercampeonato Paulista 2002,Campeão,4,2,10-5
sao-paulo,2002,Torneio Rio-São Paulo 2002,F,19,8,53-38
sao-paulo,2002,,,62,32,147-96
sao-paulo,2002,1 2,,,,
sao-paulo,2002,1 2,,,,
sao-paulo,2003,Copa Sudamericana 2003,SF,8,6,18-7
sao-paulo,2003,Campeonato Brasileiro Série A 2003,3.º,46,22,81-67
sao-paulo,2003,Copa do Brasil 2003,QF,8,4,17-6
sao-paulo,2003,Campeonato Paulista  2003,F,11,6,29-14
sao-paulo,2003,,,73,38,145-94
sao-paulo,2003,1 2,,,,
sao-paulo,2003,1 2,,,,
sao-paulo,2004,Copa Sudamericana 2004,FP,4,0,3-4
sao-paulo,2004,Copa Libertadores 2004,SF,12,8,21-12
sao-paulo,2004,Campeonato Brasileiro Série A 2004,3.º,46,24,78-43
sao-paulo,2004,Campeonato Paulista  2004,QF,10,8,21-7
sao-paulo,2004,,,72,40,123-66
sao-paulo,2004,1 2,,,,
sao-paulo,2004,1 2,,,,
sao-paulo,2005,Mundial de Clubes 2005,Campeão,2,2,4-2
sao-paulo,2005,Copa Sudamericana 2005,FP,2,0,2-3
sao-paulo,2005,Copa Libertadores 2005,Campeão,14,9,34-14
sao-paulo,2005,Campeonato Brasileiro Série A 2005,11.º,42,16,77-67
sao-paulo,2005,Campeonato Paulista 2005,Campeão,19,14,49-21
sao-paulo,2005,,,79,41,166-107
sao-paulo,2005,1 2,,,,
sao-paulo,2005,1 2,,,,
sao-paulo,2006,Recopa Sudamericana 2006,F,2,0,3-4
sao-paulo,2006,Copa Libertadores 2006,F,14,8,23-13
sao-paulo,2006,Campeonato Brasileiro Série A 2006,Campeão,38,22,66-32
sao-paulo,2006,Campeonato Paulista 2006,2.º,19,13,46-21
sao-paulo,2006,,,73,43,138-70
sao-paulo,2006,1 2,,,,
sao-paulo,2006,1 2,,,,
sao-paulo,2007,Copa Sudamericana 2007,QF,6,1,5-8
sao-paulo,2007,Copa Libertadores 2007,1/8,8,4,12-6
sao-paulo,2007,Campeonato Brasileiro Série A 2007,Campeão,38,23,55-19
sao-paulo,2007,Campeonato Paulista 2007,SF,21,13,43-19
sao-paulo,2007,,,73,41,115-52
sao-paulo,2007,1 2,,,,
sao-paulo,2007,1 2,,,,
sao-paulo,2008,Copa Sudamericana 2008,1F,2,0,0-0
sao-paulo,2008,Copa Libertadores 2008,QF,10,5,10-7
sao-paulo,2008,Brasileirão 2008,Campeão,38,21,66-36
sao-paulo,2008,Campeonato Paulista 2008,SF,21,12,33-25
sao-paulo,2008,,,71,38,109-68
sao-paulo,2008,1 2,,,,
sao-paulo,2000,V,2000-06-29,,(C),3-0
sao-paulo,2000,V,2000-01-23,,(F),1-2
sao-paulo,2001,V,2001-06-23,18:30,,4-2
sao-paulo,2001,V,2001-01-17,,(C),2-0
sao-paulo,2002,E,2002-04-22,,(C),1-1
sao-paulo,2002,E,2002-01-19,,(F),3-3
sao-paulo,2003,V,2003-06-29,,(F),0-1
sao-paulo,2003,D,2003-01-26,,(F),2-1
sao-paulo,2004,D,2004-06-27,16:00,(F),2-1
sao-paulo,2004,E,2004-01-21,20:30,(C),0-0
sao-paulo,2005,V,2005-06-29,21:45,(F),2-3
sao-paulo,2005,V,2005-01-19,22:00,(C),4-2
sao-paulo,2006,V,2006-05-20,18:10,(C),1-0
sao-paulo,2006,D,2006-01-18,21:45,(F),1-0
sao-paulo,2007,D,2007-06-10,18:10,(C),0-1
sao-paulo,2007,V,2007-01-18,20:30,(F),1-3
sao-paulo,2008,D,2008-05-21,21:50,(F),3-1
sao-paulo,2008,E,2008-05-25,16:00,(C),1-1
sao-paulo,2008,E,2008-06-01,16:00,(F),0-0
sao-paulo,2008,V,2008-06-07,18:10,(C),5-1
sao-paulo,2008,V,2008-06-14,16:00,(F),2-4
sao-paulo,2008,V,2008-06-21,18:20,(C),1-0
sao-paulo,2008,E,2008-06-29,17:00,(F),1-1
sao-paulo,2008,E,2008-07-06,18:10,(C),1-1
sao-paulo,2008,D,2008-07-09,21:45,(F),2-1
sao-paulo,2008,V,2008-07-13,17:00,(C),2-1
sao-paulo,2008,V,2008-07-16,21:45,(F),1-3
sao-paulo,2008,V,2008-07-20,19:10,(C),2-1
sao-paulo,2008,D,2008-07-23,21:50,(F),2-0
sao-paulo,2008,V,2008-07-27,19:10,(C),3-1
sao-paulo,2008,E,2008-07-30,21:50,(F),1-1
sao-paulo,2008,E,2008-05-18,16:00,(F),1-1
sao-paulo,2008,V,2008-08-03,16:00,(C),4-0
sao-paulo,2008,D,2008-08-06,21:50,(F),3-1
sao-paulo,2008,V,2008-08-09,18:20,(C),2-1
sao-paulo,2008,D,2008-08-17,16:00,(F),1-0
sao-paulo,2008,E,2008-08-24,17:00,(F),2-2
sao-paulo,2008,E,2008-08-31,17:00,(C),0-0
sao-paulo,2008,E,2008-09-03,22:00,(F),1-1
sao-paulo,2008,V,2008-09-14,16:00,(C),2-0
sao-paulo,2008,E,2008-09-21,17:00,(F),0-0
sao-paulo,2008,V,2008-09-28,16:00,(C),2-0
sao-paulo,2008,V,2008-10-04,16:00,(F),1-3
sao-paulo,2008,V,2008-10-09,20:30,(C),1-0
sao-paulo,2008,E,2008-10-19,17:00,(F),2-2
sao-paulo,2008,V,2008-10-23,20:30,(C),2-1
sao-paulo,2008,V,2008-10-29,21:50,(F),1-2
sao-paulo,2008,V,2008-11-02,19:10,(C),3-0
sao-paulo,2008,E,2008-08-12,20:10,(F),0-0
sao-paulo,2008,V,2008-11-08,18:30,(F),2-3
sao-paulo,2008,V,2008-08-20,20:30,(C),3-1
sao-paulo,2008,V,2008-11-16,18:00,(C),3-1
sao-paulo,2008,E,2008-08-27,21:50,(C),0-0 (3-4 Pen.)
sao-paulo,2008,V,2008-11-23,18:00,(F),1-2
sao-paulo,2008,E,2008-11-30,17:00,(C),1-1
sao-paulo,2008,V,2008-12-07,17:00,(F),0-1
sao-paulo,2007,V,2007-01-21,16:00,(C),1-0
sao-paulo,2007,E,2007-01-24,21:45,(F),2-2
sao-paulo,2007,V,2007-01-28,16:00,(F),0-2
sao-paulo,2007,E,2007-02-01,20:30,(C),1-1
sao-paulo,2007,E,2007-02-04,18:10,(F),1-1
sao-paulo,2007,V,2007-02-07,21:45,(C),3-0
sao-paulo,2007,V,2007-02-11,16:00,(C),3-1
sao-paulo,2007,E,2007-02-14,21:45,(F),0-0
sao-paulo,2007,V,2007-02-17,18:10,(F),2-4
sao-paulo,2007,V,2007-02-28,21:45,(C),4-0
sao-paulo,2007,V,2007-03-03,18:10,(F),0-2
sao-paulo,2007,E,2007-03-11,16:00,(F),1-1
sao-paulo,2007,V,2007-03-17,16:00,(C),1-0
sao-paulo,2007,D,2007-03-21,22:00,(F),2-1
sao-paulo,2007,D,2007-03-25,14:00,(F),1-0
time,ano,resultado,data,hora,casa/fora,placar
sao-paulo,2000,Copa Mercosul 2000,1F,6,2,13-13
sao-paulo,2000,Copa João Havelange 2000,1/8,26,10,48-38
sao-paulo,2000,Copa do Brasil 2000,F,12,8,28-13
sao-paulo,2000,Copa dos Campeões Regionais 2000,SF,4,2,5-4
sao-paulo,2000,Campeonato Paulista  2000,Campeão,20,14,45-22
sao-paulo,2000,Torneio Rio-São Paulo 2000,SF,8,4,14-17
sao-paulo,2000,,,76,40,153-107
sao-paulo,2000,1 2,,,,
sao-paulo,2000,1 2,,,,
sao-paulo,2001,Copa Mercosul 2001,1F,6,1,7-6
sao-paulo,2001,Campeonato Brasileiro 2001,QF,28,13,49-36
sao-paulo,2001,Copa do Brasil 2001,QF,7,5,24-8
sao-paulo,2001,Copa dos Campeões Regionais 2001,F,6,5,21-10
sao-paulo,2001,Campeonato Paulista  2001,1F,15,6,32-26
sao-paulo,2001,Torneio Rio-São Paulo 2001,Campeão,8,5,15-10
sao-paulo,2001,,,70,35,148-96
sao-paulo,2001,1 2,,,,
sao-paulo,2001,1 2,,,,
sao-paulo,2002,Campeonato Brasileiro Série A 2002,QF,27,16,59-40
sao-paulo,2002,Copa do Brasil 2002,SF,9,5,22-10
sao-paulo,2002,Copa dos Campeões Regionais 2002,1F,3,1,3-3
sao-paulo,2002,Supercampeonato Paulista 2002,Campeão,4,2,10-5
sao-paulo,2002,Torneio Rio-São Paulo 2002,F,19,8,53-38
sao-paulo,2002,,,62,32,147-96
sao-paulo,2002,1 2,,,,
sao-paulo,2002,1 2,,,,
sao-paulo,2003,Copa Sudamericana 2003,SF,8,6,18-7
sao-paulo,2003,Campeonato Brasileiro Série A 2003,3.º,46,22,81-67
sao-paulo,2003,Copa do Brasil 2003,QF,8,4,17-6
sao-paulo,2003,Campeonato Paulista  2003,F,11,6,29-14
sao-paulo,2003,,,73,38,145-94
sao-paulo,2003,1 2,,,,
sao-paulo,2003,1 2,,,,
sao-paulo,2004,Copa Sudamericana 2004,FP,4,0,3-4
sao-paulo,2004,Copa Libertadores 2004,SF,12,8,21-12
sao-paulo,2004,Campeonato Brasileiro Série A 2004,3.º,46,24,78-43
sao-paulo,2004,Campeonato Paulista  2004,QF,10,8,21-7
sao-paulo,2004,,,72,40,123-66
sao-paulo,2004,1 2,,,,
sao-paulo,2004,1 2,,,,
sao-paulo,2005,Mundial de Clubes 2005,Campeão,2,2,4-2
sao-paulo,2005,Copa Sudamericana 2005,FP,2,0,2-3
sao-paulo,2005,Copa Libertadores 2005,Campeão,14,9,34-14
sao-paulo,2005,Campeonato Brasileiro Série A 2005,11.º,42,16,77-67
sao-paulo,2005,Campeonato Paulista 2005,Campeão,19,14,49-21
sao-paulo,2005,,,79,41,166-107
sao-paulo,2005,1 2,,,,
sao-paulo,2005,1 2,,,,
sao-paulo,2006,Recopa Sudamericana 2006,F,2,0,3-4
sao-paulo,2006,Copa Libertadores 2006,F,14,8,23-13
sao-paulo,2006,Campeonato Brasileiro Série A 2006,Campeão,38,22,66-32
sao-paulo,2006,Campeonato Paulista 2006,2.º,19,13,46-21
sao-paulo,2006,,,73,43,138-70
sao-paulo,2006,1 2,,,,
sao-paulo,2006,1 2,,,,
sao-paulo,2007,Copa Sudamericana 2007,QF,6,1,5-8
sao-paulo,2007,Copa Libertadores 2007,1/8,8,4,12-6
sao-paulo,2007,Campeonato Brasileiro Série A 2007,Campeão,38,23,55-19
sao-paulo,2007,Campeonato Paulista 2007,SF,21,13,43-19
sao-paulo,2007,,,73,41,115-52
sao-paulo,2007,1 2,,,,
sao-paulo,2007,1 2,,,,
sao-paulo,2008,Copa Sudamericana 2008,1F,2,0,0-0
sao-paulo,2008,Copa Libertadores 2008,QF,10,5,10-7
sao-paulo,2008,Brasileirão 2008,Campeão,38,21,66-36
sao-paulo,2008,Campeonato Paulista 2008,SF,21,12,33-25
sao-paulo,2008,,,71,38,109-68
sao-paulo,2008,1 2,,,,
sao-paulo,2000,V,2000-06-29,,(C),3-0
sao-paulo,2000,V,2000-01-23,,(F),1-2
sao-paulo,2001,V,2001-06-23,18:30,,4-2
sao-paulo,2001,V,2001-01-17,,(C),2-0
sao-paulo,2002,E,2002-04-22,,(C),1-1
sao-paulo,2002,E,2002-01-19,,(F),3-3
sao-paulo,2003,V,2003-06-29,,(F),0-1
sao-paulo,2003,D,2003-01-26,,(F),2-1
sao-paulo,2004,D,2004-06-27,16:00,(F),2-1
sao-paulo,2004,E,2004-01-21,20:30,(C),0-0
sao-paulo,2005,V,2005-06-29,21:45,(F),2-3
sao-paulo,2005,V,2005-01-19,22:00,(C),4-2
sao-paulo,2006,V,2006-05-20,18:10,(C),1-0
sao-paulo,2006,D,2006-01-18,21:45,(F),1-0
sao-paulo,2007,D,2007-06-10,18:10,(C),0-1
sao-paulo,2007,V,2007-01-18,20:30,(F),1-3
sao-paulo,2008,D,2008-05-21,21:50,(F),3-1
sao-paulo,2008,E,2008-05-25,16:00,(C),1-1
sao-paulo,2008,E,2008-06-01,16:00,(F),0-0
sao-paulo,2008,V,2008-06-07,18:10,(C),5-1
sao-paulo,2008,V,2008-06-14,16:00,(F),2-4
sao-paulo,2008,V,2008-06-21,18:20,(C),1-0
sao-paulo,2008,E,2008-06-29,17:00,(F),1-1
sao-paulo,2008,E,2008-07-06,18:10,(C),1-1
sao-paulo,2008,D,2008-07-09,21:45,(F),2-1
sao-paulo,2008,V,2008-07-13,17:00,(C),2-1
sao-paulo,2008,V,2008-07-16,21:45,(F),1-3
sao-paulo,2008,V,2008-07-20,19:10,(C),2-1
sao-paulo,2008,D,2008-07-23,21:50,(F),2-0
sao-paulo,2008,V,2008-07-27,19:10,(C),3-1
sao-paulo,2008,E,2008-07-30,21:50,(F),1-1
sao-paulo,2008,E,2008-05-18,16:00,(F),1-1
sao-paulo,2008,V,2008-08-03,16:00,(C),4-0
sao-paulo,2008,D,2008-08-06,21:50,(F),3-1
sao-paulo,2008,V,2008-08-09,18:20,(C),2-1
sao-paulo,2008,D,2008-08-17,16:00,(F),1-0
sao-paulo,2008,E,2008-08-24,17:00,(F),2-2
sao-paulo,2008,E,2008-08-31,17:00,(C),0-0
sao-paulo,2008,E,2008-09-03,22:00,(F),1-1
sao-paulo,2008,V,2008-09-14,16:00,(C),2-0
sao-paulo,2008,E,2008-09-21,17:00,(F),0-0
sao-paulo,2008,V,2008-09-28,16:00,(C),2-0
sao-paulo,2008,V,2008-10-04,16:00,(F),1-3
sao-paulo,2008,V,2008-10-09,20:30,(C),1-0
sao-paulo,2008,E,2008-10-19,17:00,(F),2-2
sao-paulo,2008,V,2008-10-23,20:30,(C),2-1
sao-paulo,2008,V,2008-10-29,21:50,(F),1-2
sao-paulo,2008,V,2008-11-02,19:10,(C),3-0
sao-paulo,2008,E,2008-08-12,20:10,(F),0-0
sao-paulo,2008,V,2008-11-08,18:30,(F),2-3
sao-paulo,2008,V,2008-08-20,20:30,(C),3-1
sao-paulo,2008,V,2008-11-16,18:00,(C),3-1
sao-paulo,2008,E,2008-08-27,21:50,(C),0-0 (3-4 Pen.)
sao-paulo,2008,V,2008-11-23,18:00,(F),1-2
sao-paulo,2008,E,2008-11-30,17:00,(C),1-1
sao-paulo,2008,V,2008-12-07,17:00,(F),0-1
sao-paulo,2007,V,2007-01-21,16:00,(C),1-0
sao-paulo,2007,E,2007-01-24,21:45,(F),2-2
sao-paulo,2007,V,2007-01-28,16:00,(F),0-2
sao-paulo,2007,E,2007-02-01,20:30,(C),1-1
sao-paulo,2007,E,2007-02-04,18:10,(F),1-1
sao-paulo,2007,V,2007-02-07,21:45,(C),3-0
sao-paulo,2007,V,2007-02-11,16:00,(C),3-1
sao-paulo,2007,E,2007-02-14,21:45,(F),0-0
sao-paulo,2007,V,2007-02-17,18:10,(F),2-4
sao-paulo,2007,V,2007-02-28,21:45,(C),4-0
sao-paulo,2007,V,2007-03-03,18:10,(F),0-2
sao-paulo,2007,E,2007-03-11,16:00,(F),1-1
sao-paulo,2007,V,2007-03-17,16:00,(C),1-0
sao-paulo,2007,D,2007-03-21,22:00,(F),2-1
sao-paulo,2007,D,2007-03-25,14:00,(F),1-0
sao-paulo,2007,V,2007-03-27,21:45,(C),4-0
sao-paulo,2007,V,2007-04-01,13:00,(C),3-1
sao-paulo,2007,V,2007-04-04,21:45,(C),3-0
sao-paulo,2007,V,2007-04-08,16:00,(F),0-5
sao-paulo,2007,E,2007-04-11,19:00,(C),2-2
sao-paulo,2007,E,2007-04-15,14:00,(F),1-1
sao-paulo,2007,V,2007-04-18,22:30,(F),0-1
sao-paulo,2007,D,2007-04-21,14:10,(C),1-4
sao-paulo,2007,V,2007-02-25,18:10,(C),1-0
sao-paulo,2007,E,2007-04-25,21:45,(C),2-2
sao-paulo,2007,V,2007-05-02,21:45,(C),1-0
sao-paulo,2007,V,2007-03-08,20:30,(C),2-1
sao-paulo,2007,D,2007-05-09,21:45,(F),2-0
sao-paulo,2007,V,2007-05-12,17:10,(C),2-0
sao-paulo,2007,D,2007-05-20,17:10,(F),1-0
sao-paulo,2007,E,2007-05-27,16:00,(C),0-0
sao-paulo,2007,V,2007-06-03,17:10,(F),0-1
sao-paulo,2007,V,2007-06-17,16:00,(C),2-0
sao-paulo,2007,V,2007-06-24,16:00,(F),0-2
sao-paulo,2007,E,2007-06-28,19:30,(F),0-0
sao-paulo,2007,V,2007-07-03,20:30,(C),1-0
sao-paulo,2007,E,2007-07-07,18:10,(C),0-0
sao-paulo,2007,E,2007-07-14,20:30,(F),1-1
sao-paulo,2007,D,2007-07-18,21:45,(C),0-1
sao-paulo,2007,V,2007-07-22,16:00,(F),1-2
sao-paulo,2007,V,2007-07-26,20:30,(C),3-1
sao-paulo,2007,V,2007-07-29,18:10,(F),0-1
sao-paulo,2007,V,2007-08-02,20:30,(C),3-1
sao-paulo,2007,V,2007-08-05,18:10,(F),0-2
sao-paulo,2007,V,2007-08-08,20:30,(F),0-2
sao-paulo,2007,E,2007-08-15,20:45,(F),2-2
sao-paulo,2007,E,2007-08-19,18:10,(F),0-0
sao-paulo,2007,E,2007-08-23,19:15,(C),1-1
sao-paulo,2007,V,2007-08-26,16:00,(C),5-0
sao-paulo,2007,V,2007-08-29,21:30,(F),0-1
sao-paulo,2007,V,2007-09-01,18:10,(C),6-0
sao-paulo,2007,E,2007-09-05,21:45,(F),0-0
sao-paulo,2007,V,2007-09-08,16:00,(F),0-2
sao-paulo,2007,V,2007-09-15,18:10,(C),2-1
sao-paulo,2007,D,2007-09-19,20:45,(F),2-1
sao-paulo,2007,V,2007-09-22,18:10,(C),2-0
sao-paulo,2007,V,2007-09-26,20:45,(C),1-0
sao-paulo,2007,V,2007-09-30,16:00,(F),1-2
sao-paulo,2007,D,2007-10-04,20:30,(F),1-0
sao-paulo,2007,D,2007-10-07,16:00,(C),0-1
sao-paulo,2007,V,2007-08-11,18:10,(C),2-0
sao-paulo,2007,D,2007-10-10,20:50,(C),0-1
sao-paulo,2007,E,2007-10-13,16:00,(F),1-1
sao-paulo,2007,V,2007-10-21,16:00,(C),1-0
sao-paulo,2007,D,2007-10-24,20:50,(F),2-0
sao-paulo,2007,V,2007-10-28,16:00,(F),1-2
sao-paulo,2007,V,2007-10-31,21:45,(C),3-0
sao-paulo,2007,D,2007-11-07,21:45,(F),2-0
sao-paulo,2007,V,2007-11-11,18:10,(C),1-0
sao-paulo,2007,E,2007-11-25,16:00,(C),2-2
sao-paulo,2006,V,2006-01-21,16:00,(C),2-1
sao-paulo,2006,D,2006-01-25,17:00,(C),0-1
sao-paulo,2006,E,2006-01-29,18:10,(C),3-3
sao-paulo,2006,V,2006-02-01,21:45,(F),0-2
sao-paulo,2006,V,2006-02-05,18:10,(C),4-2
sao-paulo,2006,V,2006-02-09,20:30,(C),3-1
sao-paulo,2006,V,2006-02-12,16:00,(F),0-5
sao-paulo,2006,V,2006-02-18,18:10,(C),5-1
sao-paulo,2006,V,2006-02-22,22:30,(C),3-0
sao-paulo,2006,V,2006-02-25,18:10,(F),1-2
sao-paulo,2006,V,2006-03-01,22:00,(F),1-2
sao-paulo,2006,D,2006-03-05,18:10,(F),2-0
sao-paulo,2006,V,2006-03-08,21:45,(C),4-1
sao-paulo,2006,V,2006-03-12,16:00,(F),1-2
sao-paulo,2007,D,2007-12-02,18:00,(F),2-1
sao-paulo,2006,E,2006-03-18,16:00,(C),1-1
sao-paulo,2006,D,2006-03-21,23:30,(F),2-1
sao-paulo,2006,V,2006-03-26,17:10,(F),2-4
sao-paulo,2006,V,2006-03-29,20:30,(C),2-0
sao-paulo,2006,V,2006-04-02,16:00,(C),3-1
sao-paulo,2006,D,2006-04-05,21:45,(C),1-2
sao-paulo,2006,V,2006-04-09,16:00,(F),0-2
sao-paulo,2006,E,2006-02-15,23:30,(F),3-3
sao-paulo,2006,V,2006-04-12,21:45,(F),0-2
sao-paulo,2006,V,2006-04-16,16:00,(C),1-0
sao-paulo,2006,V,2006-04-19,20:00,(C),2-0
sao-paulo,2006,D,2006-04-23,18:10,(F),1-0
sao-paulo,2006,E,2006-04-26,19:15,(F),1-1
sao-paulo,2006,V,2006-04-29,18:10,(C),4-0
sao-paulo,2006,V,2006-05-03,21:45,(C),2-1
sao-paulo,2006,V,2006-05-07,16:00,(F),1-3
sao-paulo,2006,D,2006-05-10,21:45,(F),1-0
sao-paulo,2006,D,2006-05-14,16:00,(F),3-1
sao-paulo,2006,V,2006-05-24,20:30,(C),4-1
sao-paulo,2006,E,2006-05-28,18:10,(F),1-1
sao-paulo,2006,V,2006-05-31,21:45,(C),1-0
sao-paulo,2006,E,2006-06-04,18:10,(F),1-1
sao-paulo,2006,V,2006-07-12,20:30,(C),2-1
sao-paulo,2006,V,2006-07-15,18:10,(C),2-1
sao-paulo,2006,V,2006-07-19,22:00,(C),1-0 (4-3 Pen.)
sao-paulo,2006,V,2006-07-23,16:00,(F),1-3
sao-paulo,2006,V,2006-07-26,22:00,(F),0-1
sao-paulo,2006,D,2006-07-30,16:00,(C),0-4
sao-paulo,2006,V,2006-08-02,21:45,(C),3-0
sao-paulo,2006,E,2006-08-06,16:00,(F),1-1
sao-paulo,2006,D,2006-08-09,21:45,(C),1-2
sao-paulo,2006,V,2006-08-13,18:10,(C),2-1
sao-paulo,2006,E,2006-08-16,17:00,(F),2-2
sao-paulo,2006,E,2006-08-20,16:00,(F),2-2
sao-paulo,2006,V,2006-08-24,20:30,(C),3-2
sao-paulo,2006,E,2006-08-27,16:00,(F),1-1
sao-paulo,2006,E,2006-08-31,20:30,(C),1-1
sao-paulo,2006,V,2006-09-03,18:10,(F),1-3
sao-paulo,2006,D,2006-09-07,22:00,(F),2-1
sao-paulo,2006,E,2006-09-10,16:00,(C),0-0
sao-paulo,2006,E,2006-09-14,,(C),2-2
sao-paulo,2006,V,2006-09-17,16:00,(C),2-0
sao-paulo,2006,V,2006-09-20,22:00,(F),0-1
sao-paulo,2006,D,2006-09-24,16:00,(F),3-1
sao-paulo,2006,V,2006-10-04,22:00,(C),5-1
sao-paulo,2006,V,2006-10-07,18:10,(F),1-2
sao-paulo,2006,V,2006-10-14,18:10,(C),5-0
sao-paulo,2006,E,2006-10-22,16:00,(F),1-1
sao-paulo,2006,V,2006-10-28,16:00,(F),0-2
sao-paulo,2006,E,2006-11-02,20:30,(C),1-1
sao-paulo,2006,V,2006-11-05,16:00,(F),0-1
sao-paulo,2006,V,2006-11-09,20:30,(C),3-0
sao-paulo,2006,V,2006-11-12,16:00,(F),0-2
sao-paulo,2006,V,2006-11-26,16:00,(C),2-0
sao-paulo,2006,E,2006-12-03,16:00,(F),0-0
sao-paulo,2005,V,2005-01-22,22:00,(F),3-4
sao-paulo,2005,V,2005-01-26,22:00,(C),2-0
sao-paulo,2005,V,2005-01-29,22:00,(C),2-1
sao-paulo,2006,E,2006-09-30,16:00,(F),0-0
sao-paulo,2005,E,2005-02-04,22:00,(F),2-2
sao-paulo,2005,V,2005-02-09,22:00,(F),3-4
sao-paulo,2005,V,2005-02-12,16:00,(C),4-1
sao-paulo,2005,V,2005-02-20,15:00,(C),3-0
sao-paulo,2005,V,2005-02-23,21:00,(F),0-5
sao-paulo,2005,V,2005-02-27,16:00,(C),1-0
sao-paulo,2005,E,2005-03-03,15:15,(F),3-3
sao-paulo,2005,E,2005-03-06,16:00,(F),2-2
sao-paulo,2005,V,2005-03-09,18:45,(C),4-2
sao-paulo,2006,E,2006-11-19,16:00,(C),1-1
sao-paulo,2005,V,2005-03-12,16:00,(C),1-0
sao-paulo,2005,E,2005-03-16,18:45,(F),2-2
sao-paulo,2005,V,2005-03-19,16:00,(C),6-0
sao-paulo,2005,V,2005-03-23,21:45,(F),1-2
sao-paulo,2005,V,2005-03-26,16:00,(C),3-1
sao-paulo,2005,D,2005-03-31,20:30,(F),2-1
sao-paulo,2005,E,2005-04-03,16:00,(F),0-0
sao-paulo,2005,D,2005-04-09,16:00,(C),1-2
sao-paulo,2005,V,2005-04-13,17:45,(C),3-1
sao-paulo,2005,V,2005-04-17,16:00,(F),1-2
sao-paulo,2005,E,2005-04-21,,(F),1-1
sao-paulo,2005,D,2005-04-24,16:00,(F),2-1
sao-paulo,2005,E,2005-04-30,18:10,(C),1-1
sao-paulo,2005,V,2005-05-08,16:00,(F),1-5
sao-paulo,2005,V,2005-05-11,17:45,(C),3-0
sao-paulo,2005,V,2005-05-14,18:10,(C),1-0
sao-paulo,2005,V,2005-05-18,17:40,(F),0-1
sao-paulo,2005,D,2005-05-22,16:00,(F),3-1
sao-paulo,2005,V,2005-05-25,16:15,(C),2-0
sao-paulo,2005,E,2005-05-28,18:10,(C),1-1
sao-paulo,2005,V,2005-06-01,21:45,(C),4-0
sao-paulo,2005,E,2005-06-12,18:10,(F),2-2
sao-paulo,2005,D,2005-06-15,22:00,(F),2-1
sao-paulo,2005,V,2005-06-19,18:10,(C),1-0
sao-paulo,2005,V,2005-06-22,21:45,(C),2-0
sao-paulo,2005,D,2005-06-25,18:10,(C),1-3
sao-paulo,2005,V,2005-07-09,18:10,(C),2-0
sao-paulo,2005,D,2005-07-17,16:00,(F),2-1
sao-paulo,2005,E,2005-07-20,21:45,(F),3-3
sao-paulo,2005,D,2005-07-23,18:10,(C),0-1
sao-paulo,2005,E,2005-07-27,21:45,(F),0-0
sao-paulo,2005,D,2005-07-31,16:00,(F),2-1
sao-paulo,2005,E,2005-08-04,20:30,(C),3-3
sao-paulo,2005,D,2005-08-07,18:10,(C),0-1
sao-paulo,2005,D,2005-08-10,21:45,(F),3-1
sao-paulo,2005,V,2005-08-14,18:10,(C),3-2
sao-paulo,2005,D,2005-08-17,,(F),2-1
sao-paulo,2005,E,2005-08-24,21:45,(C),1-1
sao-paulo,2005,V,2005-08-28,16:00,(F),0-4
sao-paulo,2005,E,2005-07-06,21:45,(F),1-1
sao-paulo,2005,E,2005-09-01,,(C),1-1
sao-paulo,2005,V,2005-07-14,21:45,(C),4-0
sao-paulo,2005,V,2005-09-11,18:10,(F),1-4
sao-paulo,2005,V,2005-09-18,16:00,(C),4-2
sao-paulo,2005,V,2005-09-21,21:45,(F),2-3
sao-paulo,2005,V,2005-09-24,16:00,(C),4-1
sao-paulo,2005,E,2005-10-02,18:10,(F),1-1
sao-paulo,2005,D,2005-10-05,21:50,(F),3-0
sao-paulo,2005,V,2005-10-11,20:30,(C),3-2
sao-paulo,2005,V,2005-10-16,16:00,(F),1-6
sao-paulo,2005,D,2005-10-19,21:50,(F),2-0
sao-paulo,2005,D,2005-10-22,20:30,(C),1-2
sao-paulo,2005,D,2005-08-20,18:10,(F),4-2
sao-paulo,2005,E,2005-10-24,20:30,(C),1-1
sao-paulo,2005,D,2005-10-27,20:30,(C),1-2
sao-paulo,2005,V,2005-10-30,18:10,(F),0-1
sao-paulo,2005,E,2005-11-02,20:30,(C),2-2
sao-paulo,2005,V,2005-11-05,16:00,(C),3-1
sao-paulo,2005,D,2005-11-12,18:10,(F),2-1
sao-paulo,2005,D,2005-11-16,20:30,(F),3-0
sao-paulo,2005,V,2005-11-19,16:00,(C),4-2
sao-paulo,2005,D,2005-11-27,16:00,(F),1-0
sao-paulo,2005,V,2005-12-14,08:20,,2-3
sao-paulo,2005,V,2005-12-18,08:20,,1-0
sao-paulo,2004,V,2004-01-25,17:00,(F),2-3
sao-paulo,2004,V,2004-02-01,17:00,(F),1-4
sao-paulo,2004,V,2004-02-08,18:00,(F),0-2
sao-paulo,2004,V,2004-02-11,,(F),1-2
sao-paulo,2004,V,2004-02-15,17:00,(C),1-0
sao-paulo,2004,V,2004-02-21,17:00,(C),3-0
sao-paulo,2004,V,2004-02-26,,(C),3-1
sao-paulo,2004,V,2004-02-29,16:00,(F),1-2
sao-paulo,2004,D,2004-03-04,,(F),3-0
sao-paulo,2004,V,2004-03-07,18:00,(C),4-0
sao-paulo,2004,V,2004-03-10,,(C),1-0
sao-paulo,2004,V,2004-03-14,16:00,(F),1-2
sao-paulo,2004,D,2004-03-21,13:00,(C),0-2
sao-paulo,2005,V,2005-12-04,16:00,(C),3-1
sao-paulo,2004,V,2004-03-24,,(F),1-2
sao-paulo,2004,V,2004-04-07,,(C),3-1
sao-paulo,2004,E,2004-04-25,18:00,(F),1-1
sao-paulo,2004,V,2004-04-28,21:45,(C),1-0
sao-paulo,2004,V,2004-05-02,18:00,(F),2-3
sao-paulo,2004,D,2004-05-05,20:00,(F),1-0
sao-paulo,2004,V,2004-05-09,18:00,(F),1-2
sao-paulo,2004,V,2004-05-11,20:00,(C),2-1 (5-4 Pen.)
sao-paulo,2004,E,2004-05-16,18:00,(C),2-2
sao-paulo,2004,V,2004-05-18,20:00,(C),3-0
sao-paulo,2004,D,2004-05-23,18:00,(F),2-1
sao-paulo,2004,V,2004-05-25,20:00,(F),1-4
sao-paulo,2004,E,2004-05-30,16:00,(C),1-1
sao-paulo,2004,E,2004-06-08,20:00,(C),0-0
sao-paulo,2004,V,2004-06-12,18:00,(C),3-2
sao-paulo,2004,D,2004-06-15,20:00,(F),2-1
sao-paulo,2004,D,2004-06-20,16:00,(F),1-0
sao-paulo,2004,V,2004-04-22,20:30,(C),1-0
sao-paulo,2004,V,2004-07-03,16:00,(C),2-0
sao-paulo,2004,V,2004-07-06,20:30,(C),1-0
sao-paulo,2004,D,2004-07-10,16:00,(F),2-1
sao-paulo,2004,E,2004-07-13,21:45,(F),0-0
sao-paulo,2004,V,2004-07-17,20:30,(C),2-1
sao-paulo,2004,D,2004-07-20,21:45,(F),1-0
sao-paulo,2004,V,2004-07-24,16:00,(C),1-0
sao-paulo,2004,V,2004-07-28,21:45,(F),1-2
sao-paulo,2004,E,2004-08-01,18:00,(F),1-1
sao-paulo,2004,V,2004-08-05,20:30,(C),2-1
sao-paulo,2004,D,2004-08-08,16:00,(F),1-0
sao-paulo,2004,V,2004-08-11,20:30,(C),4-0
sao-paulo,2004,V,2004-08-19,19:30,(C),2-0
sao-paulo,2004,D,2004-08-22,15:00,(F),1-0
sao-paulo,2004,E,2004-08-28,16:00,(C),3-3
sao-paulo,2004,D,2004-09-01,20:30,(C),2-3
sao-paulo,2004,V,2004-09-08,20:30,(F),0-2
